{"v":"5.6.10","fr":60,"ip":2,"op":176,"w":1080,"h":1080,"nm":"Sad Tear_MAIN","ddd":0,"assets":[{"id":"comp_0","layers":[{"ddd":0,"ind":1,"ty":4,"nm":"FLAT","sr":1,"ks":{"o":{"a":0,"k":100,"ix":11},"r":{"a":0,"k":0,"ix":10},"p":{"a":0,"k":[540,540,0],"ix":2},"a":{"a":0,"k":[0,0,0],"ix":1},"s":{"a":0,"k":[100,100,100],"ix":6}},"ao":0,"shapes":[{"ty":"gr","it":[{"d":1,"ty":"el","s":{"a":0,"k":[770,770],"ix":2},"p":{"a":0,"k":[0,0],"ix":3},"nm":"Ellipse Path 1","mn":"ADBE Vector Shape - Ellipse","hd":false},{"ty":"fl","c":{"a":0,"k":[1,0.724767288507,0.105575980392,1],"ix":4},"o":{"a":0,"k":100,"ix":5},"r":1,"bm":0,"nm":"Fill 1","mn":"ADBE Vector Graphic - Fill","hd":false},{"ty":"tr","p":{"a":0,"k":[0,0],"ix":2},"a":{"a":0,"k":[0,0],"ix":1},"s":{"a":0,"k":[100,100],"ix":3},"r":{"a":0,"k":0,"ix":6},"o":{"a":0,"k":100,"ix":7},"sk":{"a":0,"k":0,"ix":4},"sa":{"a":0,"k":0,"ix":5},"nm":"Transform"}],"nm":"Ellipse 1","np":2,"cix":2,"bm":0,"ix":1,"mn":"ADBE Vector Group","hd":false}],"ip":0,"op":3604,"st":0,"bm":0}]}],"layers":[{"ddd":0,"ind":1,"ty":3,"nm":"Face - Null","sr":1,"ks":{"o":{"a":0,"k":0,"ix":11},"r":{"a":0,"k":0,"ix":10},"p":{"a":1,"k":[{"i":{"x":0.28,"y":1},"o":{"x":0.333,"y":0},"t":2,"s":[540,659.1,0],"to":[0,-14.517,0],"ti":[0,14.517,0]},{"i":{"x":0.667,"y":0.667},"o":{"x":0.333,"y":0.333},"t":61,"s":[540,572,0],"to":[0,0,0],"ti":[0,0,0]},{"i":{"x":0.337,"y":1},"o":{"x":0.506,"y":0},"t":98,"s":[540,572,0],"to":[0,14.517,0],"ti":[0,-14.517,0]},{"t":159,"s":[540,659.1,0]}],"ix":2},"a":{"a":0,"k":[0,0,0],"ix":1},"s":{"a":0,"k":[100,100,100],"ix":6}},"ao":0,"ip":0,"op":250,"st":13,"bm":0},{"ddd":0,"ind":2,"ty":3,"nm":"Tear  Scale - Null","parent":1,"sr":1,"ks":{"o":{"a":0,"k":0,"ix":11},"r":{"a":0,"k":0,"ix":10},"p":{"a":0,"k":[174,10.015,0],"ix":2},"a":{"a":0,"k":[0,0,0],"ix":1},"s":{"a":1,"k":[{"i":{"x":[0.136,0.136,0.31],"y":[1,1,1]},"o":{"x":[0.399,0.399,0.333],"y":[0,0,0]},"t":0,"s":[0,0,100]},{"t":104,"s":[50,50,100]}],"ix":6}},"ao":0,"ip":0,"op":250,"st":0,"bm":0},{"ddd":0,"ind":4,"ty":4,"nm":"Main Tear","parent":2,"sr":1,"ks":{"o":{"a":1,"k":[{"i":{"x":[0.833],"y":[0.833]},"o":{"x":[0.333],"y":[0]},"t":111,"s":[100]},{"t":120,"s":[0]}],"ix":11},"r":{"a":0,"k":0,"ix":10},"p":{"s":true,"x":{"a":0,"k":0,"ix":3},"y":{"a":1,"k":[{"i":{"x":[0.833],"y":[0.833]},"o":{"x":[0.868],"y":[0]},"t":92,"s":[0.845]},{"t":120,"s":[717.412]}],"ix":4}},"a":{"a":0,"k":[0,-209.5,0],"ix":1},"s":{"a":1,"k":[{"i":{"x":[0.667,0.667,0.667],"y":[1,1,1]},"o":{"x":[0.167,0.167,0.167],"y":[0,0,0]},"t":39,"s":[100,100,100]},{"i":{"x":[0.833,0.833,0.833],"y":[0.833,0.833,1]},"o":{"x":[0.333,0.333,0.333],"y":[0,0,0]},"t":104,"s":[85,115,100]},{"t":120,"s":[23.652,32,100]}],"ix":6}},"ao":0,"shapes":[{"ty":"gr","it":[{"ind":0,"ty":"sh","ix":1,"ks":{"a":0,"k":{"i":[[0,0],[0,-54.4],[54.4,0],[0,54.4]],"o":[[0,0],[0,54.4],[-54.4,0],[0,-54.4]],"v":[[339.742,-82.775],[438.242,126.725],[339.742,225.225],[241.242,126.725]],"c":true},"ix":2},"nm":"Path 1","mn":"ADBE Vector Shape - Group","hd":false},{"ty":"fl","c":{"a":0,"k":[0.180392156863,0.705882352941,1,1],"ix":4},"o":{"a":0,"k":100,"ix":5},"r":1,"bm":0,"nm":"Fill 1","mn":"ADBE Vector Graphic - Fill","hd":false},{"ty":"tr","p":{"a":0,"k":[-339.742,-126.725],"ix":2},"a":{"a":0,"k":[0,0],"ix":1},"s":{"a":0,"k":[100,100],"ix":3},"r":{"a":0,"k":0,"ix":6},"o":{"a":0,"k":100,"ix":7},"sk":{"a":0,"k":0,"ix":4},"sa":{"a":0,"k":0,"ix":5},"nm":"Transform"}],"nm":"Rectangle 1","np":2,"cix":2,"bm":0,"ix":1,"mn":"ADBE Vector Group","hd":false}],"ip":0,"op":250,"st":0,"bm":0},{"ddd":0,"ind":5,"ty":4,"nm":"Tear -Shadow","parent":4,"sr":1,"ks":{"o":{"a":1,"k":[{"i":{"x":[0.833],"y":[0.833]},"o":{"x":[0.333],"y":[0]},"t":104,"s":[60]},{"t":114,"s":[0]}],"ix":11},"r":{"a":0,"k":0,"ix":10},"p":{"a":0,"k":[-10.342,-188.447,0],"ix":2},"a":{"a":0,"k":[0,-209.5,0],"ix":1},"s":{"a":0,"k":[103.63,97.261,100],"ix":6}},"ao":0,"shapes":[{"ty":"gr","it":[{"ind":0,"ty":"sh","ix":1,"ks":{"a":0,"k":{"i":[[0,0],[0,-54.4],[54.4,0],[0,54.4]],"o":[[0,0],[0,54.4],[-54.4,0],[0,-54.4]],"v":[[0,-209.5],[98.5,0],[0,98.5],[-98.5,0]],"c":true},"ix":2},"nm":"Path 1","mn":"ADBE Vector Shape - Group","hd":false},{"ty":"fl","c":{"a":0,"k":[0.855897671569,0.506369078393,0.187424274519,1],"ix":4},"o":{"a":0,"k":100,"ix":5},"r":1,"bm":0,"nm":"Fill 1","mn":"ADBE Vector Graphic - Fill","hd":false},{"ty":"tr","p":{"a":0,"k":[0,0],"ix":2},"a":{"a":0,"k":[0,0],"ix":1},"s":{"a":0,"k":[100,100],"ix":3},"r":{"a":0,"k":0,"ix":6},"o":{"a":0,"k":100,"ix":7},"sk":{"a":0,"k":0,"ix":4},"sa":{"a":0,"k":0,"ix":5},"nm":"Transform"}],"nm":"Tear","np":2,"cix":2,"bm":0,"ix":1,"mn":"ADBE Vector Group","hd":false}],"ip":0,"op":250,"st":0,"bm":0},{"ddd":0,"ind":6,"ty":4,"nm":"R Eye_Specs ","parent":8,"sr":1,"ks":{"o":{"a":0,"k":100,"ix":11},"r":{"a":0,"k":0,"ix":10},"p":{"a":0,"k":[242,0,0],"ix":2},"a":{"a":0,"k":[0,0,0],"ix":1},"s":{"a":0,"k":[100,100,100],"ix":6}},"ao":0,"shapes":[{"ty":"gr","it":[{"d":1,"ty":"el","s":{"a":0,"k":[41.891,41.891],"ix":2},"p":{"a":0,"k":[0,0],"ix":3},"nm":"Ellipse Path 1","mn":"ADBE Vector Shape - Ellipse","hd":false},{"ty":"fl","c":{"a":0,"k":[1,1,1,1],"ix":4},"o":{"a":0,"k":100,"ix":5},"r":1,"bm":0,"nm":"Fill 1","mn":"ADBE Vector Graphic - Fill","hd":false},{"ty":"tr","p":{"a":0,"k":[-88.607,14.695],"ix":2},"a":{"a":0,"k":[0,0],"ix":1},"s":{"a":0,"k":[58.713,58.713],"ix":3},"r":{"a":0,"k":0,"ix":6},"o":{"a":0,"k":100,"ix":7},"sk":{"a":0,"k":0,"ix":4},"sa":{"a":0,"k":0,"ix":5},"nm":"Transform"}],"nm":"Ellipse 2","np":2,"cix":2,"bm":0,"ix":1,"mn":"ADBE Vector Group","hd":false},{"ty":"gr","it":[{"d":1,"ty":"el","s":{"a":0,"k":[28.648,28.648],"ix":2},"p":{"a":0,"k":[0,0],"ix":3},"nm":"Ellipse Path 1","mn":"ADBE Vector Shape - Ellipse","hd":false},{"ty":"fl","c":{"a":0,"k":[1,1,1,1],"ix":4},"o":{"a":0,"k":100,"ix":5},"r":1,"bm":0,"nm":"Fill 1","mn":"ADBE Vector Graphic - Fill","hd":false},{"ty":"tr","p":{"a":0,"k":[-137.418,-49.566],"ix":2},"a":{"a":0,"k":[0,0],"ix":1},"s":{"a":0,"k":[402.21,336.761],"ix":3},"r":{"a":0,"k":-35.54,"ix":6},"o":{"a":0,"k":100,"ix":7},"sk":{"a":0,"k":0,"ix":4},"sa":{"a":0,"k":0,"ix":5},"nm":"Transform"}],"nm":"Ellipse 1","np":2,"cix":2,"bm":0,"ix":2,"mn":"ADBE Vector Group","hd":false}],"ip":0,"op":250,"st":0,"bm":0},{"ddd":0,"ind":7,"ty":4,"nm":"R_Eye","parent":1,"sr":1,"ks":{"o":{"a":0,"k":100,"ix":11},"r":{"a":0,"k":0,"ix":10},"p":{"a":0,"k":[0,-32,0],"ix":2},"a":{"a":0,"k":[0,0,0],"ix":1},"s":{"a":0,"k":[-100,100,100],"ix":6}},"ao":0,"shapes":[{"ty":"gr","it":[{"d":1,"ty":"el","s":{"a":0,"k":[178,178],"ix":2},"p":{"a":0,"k":[-121.8,-30],"ix":3},"nm":"Ellipse Path 1","mn":"ADBE Vector Shape - Ellipse","hd":false},{"ty":"fl","c":{"a":0,"k":[0,0,0,1],"ix":4},"o":{"a":0,"k":100,"ix":5},"r":1,"bm":0,"nm":"Fill 1","mn":"ADBE Vector Graphic - Fill","hd":false},{"ty":"tr","p":{"a":0,"k":[0,0],"ix":2},"a":{"a":0,"k":[0,0],"ix":1},"s":{"a":0,"k":[100,100],"ix":3},"r":{"a":0,"k":0,"ix":6},"o":{"a":0,"k":100,"ix":7},"sk":{"a":0,"k":0,"ix":4},"sa":{"a":0,"k":0,"ix":5},"nm":"Transform"}],"nm":"Ellipse 1","np":2,"cix":2,"bm":0,"ix":1,"mn":"ADBE Vector Group","hd":false}],"ip":0,"op":250,"st":0,"bm":0},{"ddd":0,"ind":8,"ty":4,"nm":"L Eye_Specs","parent":9,"sr":1,"ks":{"o":{"a":0,"k":100,"ix":11},"r":{"a":0,"k":0,"ix":10},"p":{"s":true,"x":{"a":1,"k":[{"i":{"x":[0.57],"y":[1]},"o":{"x":[0.43],"y":[0]},"t":0,"s":[0.224]},{"i":{"x":[0.57],"y":[1]},"o":{"x":[0.43],"y":[0]},"t":6.068,"s":[-2.063]},{"i":{"x":[0.57],"y":[1]},"o":{"x":[0.43],"y":[0]},"t":12.137,"s":[0.224]},{"i":{"x":[0.57],"y":[1]},"o":{"x":[0.43],"y":[0]},"t":18.209,"s":[-2.063]},{"i":{"x":[0.57],"y":[1]},"o":{"x":[0.43],"y":[0]},"t":24.277,"s":[0.224]},{"i":{"x":[0.57],"y":[1]},"o":{"x":[0.43],"y":[0]},"t":30.346,"s":[-2.063]},{"i":{"x":[0.57],"y":[1]},"o":{"x":[0.43],"y":[0]},"t":36.416,"s":[0.224]},{"i":{"x":[0.57],"y":[1]},"o":{"x":[0.43],"y":[0]},"t":42.486,"s":[-2.063]},{"i":{"x":[0.57],"y":[1]},"o":{"x":[0.43],"y":[0]},"t":48.557,"s":[0.224]},{"i":{"x":[0.57],"y":[1]},"o":{"x":[0.43],"y":[0]},"t":54.629,"s":[-2.063]},{"i":{"x":[0.57],"y":[1]},"o":{"x":[0.43],"y":[0]},"t":60.697,"s":[0.224]},{"i":{"x":[0.57],"y":[1]},"o":{"x":[0.43],"y":[0]},"t":66.764,"s":[-2.063]},{"i":{"x":[0.57],"y":[1]},"o":{"x":[0.43],"y":[0]},"t":72.832,"s":[0.224]},{"i":{"x":[0.57],"y":[1]},"o":{"x":[0.43],"y":[0]},"t":78.904,"s":[-2.063]},{"i":{"x":[0.57],"y":[1]},"o":{"x":[0.43],"y":[0]},"t":84.975,"s":[0.224]},{"i":{"x":[0.57],"y":[1]},"o":{"x":[0.43],"y":[0]},"t":91.043,"s":[-2.063]},{"i":{"x":[0.57],"y":[1]},"o":{"x":[0.43],"y":[0]},"t":97.113,"s":[0.224]},{"i":{"x":[0.57],"y":[1]},"o":{"x":[0.43],"y":[0]},"t":103.182,"s":[-2.063]},{"i":{"x":[0.57],"y":[1]},"o":{"x":[0.43],"y":[0]},"t":108.863,"s":[0.224]},{"i":{"x":[0.57],"y":[1]},"o":{"x":[0.43],"y":[0]},"t":109.25,"s":[0.224]},{"i":{"x":[0.57],"y":[1]},"o":{"x":[0.43],"y":[0]},"t":114.932,"s":[-2.063]},{"i":{"x":[0.57],"y":[1]},"o":{"x":[0.43],"y":[0]},"t":121,"s":[0.224]},{"i":{"x":[0.57],"y":[1]},"o":{"x":[0.43],"y":[0]},"t":127.068,"s":[-2.063]},{"i":{"x":[0.57],"y":[1]},"o":{"x":[0.43],"y":[0]},"t":133.137,"s":[0.224]},{"i":{"x":[0.57],"y":[1]},"o":{"x":[0.43],"y":[0]},"t":139.209,"s":[-2.063]},{"i":{"x":[0.57],"y":[1]},"o":{"x":[0.43],"y":[0]},"t":145.277,"s":[0.224]},{"i":{"x":[0.57],"y":[1]},"o":{"x":[0.43],"y":[0]},"t":151.346,"s":[-2.063]},{"i":{"x":[0.57],"y":[1]},"o":{"x":[0.43],"y":[0]},"t":157.416,"s":[0.224]},{"i":{"x":[0.57],"y":[1]},"o":{"x":[0.43],"y":[0]},"t":163.486,"s":[-2.063]},{"i":{"x":[0.57],"y":[1]},"o":{"x":[0.43],"y":[0]},"t":169.557,"s":[0.224]},{"i":{"x":[0.57],"y":[1]},"o":{"x":[0.43],"y":[0]},"t":175.629,"s":[-2.063]},{"i":{"x":[0.57],"y":[1]},"o":{"x":[0.43],"y":[0]},"t":181.697,"s":[0.224]},{"i":{"x":[0.57],"y":[1]},"o":{"x":[0.43],"y":[0]},"t":187.764,"s":[-2.063]},{"i":{"x":[0.57],"y":[1]},"o":{"x":[0.43],"y":[0]},"t":193.832,"s":[0.224]},{"i":{"x":[0.57],"y":[1]},"o":{"x":[0.43],"y":[0]},"t":199.904,"s":[-2.063]},{"i":{"x":[0.57],"y":[1]},"o":{"x":[0.43],"y":[0]},"t":205.975,"s":[0.224]},{"i":{"x":[0.57],"y":[1]},"o":{"x":[0.43],"y":[0]},"t":212.043,"s":[-2.063]},{"i":{"x":[0.57],"y":[1]},"o":{"x":[0.43],"y":[0]},"t":218.113,"s":[0.224]},{"i":{"x":[0.57],"y":[1]},"o":{"x":[0.43],"y":[0]},"t":224.182,"s":[-2.063]},{"i":{"x":[0.57],"y":[1]},"o":{"x":[0.43],"y":[0]},"t":229.863,"s":[0.224]},{"i":{"x":[0.57],"y":[1]},"o":{"x":[0.43],"y":[0]},"t":230.25,"s":[0.224]},{"i":{"x":[0.57],"y":[1]},"o":{"x":[0.43],"y":[0]},"t":235.932,"s":[-2.063]},{"t":242,"s":[0.224]}],"ix":3},"y":{"a":0,"k":0,"ix":4}},"a":{"a":0,"k":[0,0,0],"ix":1},"s":{"a":0,"k":[100,100,100],"ix":6}},"ao":0,"shapes":[{"ty":"gr","it":[{"d":1,"ty":"el","s":{"a":0,"k":[41.891,41.891],"ix":2},"p":{"a":0,"k":[0,0],"ix":3},"nm":"Ellipse Path 1","mn":"ADBE Vector Shape - Ellipse","hd":false},{"ty":"fl","c":{"a":0,"k":[1,1,1,1],"ix":4},"o":{"a":0,"k":100,"ix":5},"r":1,"bm":0,"nm":"Fill 1","mn":"ADBE Vector Graphic - Fill","hd":false},{"ty":"tr","p":{"a":0,"k":[-88.607,14.695],"ix":2},"a":{"a":0,"k":[0,0],"ix":1},"s":{"a":0,"k":[58.713,58.713],"ix":3},"r":{"a":0,"k":0,"ix":6},"o":{"a":0,"k":100,"ix":7},"sk":{"a":0,"k":0,"ix":4},"sa":{"a":0,"k":0,"ix":5},"nm":"Transform"}],"nm":"Ellipse 2","np":2,"cix":2,"bm":0,"ix":1,"mn":"ADBE Vector Group","hd":false},{"ty":"gr","it":[{"d":1,"ty":"el","s":{"a":0,"k":[28.648,28.648],"ix":2},"p":{"a":0,"k":[0,0],"ix":3},"nm":"Ellipse Path 1","mn":"ADBE Vector Shape - Ellipse","hd":false},{"ty":"fl","c":{"a":0,"k":[1,1,1,1],"ix":4},"o":{"a":0,"k":100,"ix":5},"r":1,"bm":0,"nm":"Fill 1","mn":"ADBE Vector Graphic - Fill","hd":false},{"ty":"tr","p":{"a":0,"k":[-137.418,-49.566],"ix":2},"a":{"a":0,"k":[0,0],"ix":1},"s":{"a":0,"k":[402.21,336.761],"ix":3},"r":{"a":0,"k":-35.54,"ix":6},"o":{"a":0,"k":100,"ix":7},"sk":{"a":0,"k":0,"ix":4},"sa":{"a":0,"k":0,"ix":5},"nm":"Transform"}],"nm":"Ellipse 1","np":2,"cix":2,"bm":0,"ix":2,"mn":"ADBE Vector Group","hd":false}],"ip":0,"op":250,"st":0,"bm":0},{"ddd":0,"ind":9,"ty":4,"nm":"L Eye","parent":1,"sr":1,"ks":{"o":{"a":0,"k":100,"ix":11},"r":{"a":0,"k":0,"ix":10},"p":{"a":0,"k":[0,-32,0],"ix":2},"a":{"a":0,"k":[0,0,0],"ix":1},"s":{"a":0,"k":[100,100,100],"ix":6}},"ao":0,"shapes":[{"ty":"gr","it":[{"d":1,"ty":"el","s":{"a":0,"k":[178,178],"ix":2},"p":{"a":0,"k":[-121.8,-30],"ix":3},"nm":"Ellipse Path 1","mn":"ADBE Vector Shape - Ellipse","hd":false},{"ty":"fl","c":{"a":0,"k":[0,0,0,1],"ix":4},"o":{"a":0,"k":100,"ix":5},"r":1,"bm":0,"nm":"Fill 1","mn":"ADBE Vector Graphic - Fill","hd":false},{"ty":"tr","p":{"a":0,"k":[0,0],"ix":2},"a":{"a":0,"k":[0,0],"ix":1},"s":{"a":0,"k":[100,100],"ix":3},"r":{"a":0,"k":0,"ix":6},"o":{"a":0,"k":100,"ix":7},"sk":{"a":0,"k":0,"ix":4},"sa":{"a":0,"k":0,"ix":5},"nm":"Transform"}],"nm":"Ellipse 1","np":2,"cix":2,"bm":0,"ix":1,"mn":"ADBE Vector Group","hd":false}],"ip":0,"op":250,"st":0,"bm":0},{"ddd":0,"ind":10,"ty":4,"nm":"Mouth","parent":1,"sr":1,"ks":{"o":{"a":0,"k":100,"ix":11},"r":{"a":0,"k":0,"ix":10},"p":{"s":true,"x":{"a":0,"k":0,"ix":3},"y":{"a":1,"k":[{"i":{"x":[0.28],"y":[1]},"o":{"x":[0.333],"y":[0]},"t":2,"s":[92.089]},{"i":{"x":[0.667],"y":[1]},"o":{"x":[0.333],"y":[0]},"t":61,"s":[120.089]},{"i":{"x":[0.337],"y":[1]},"o":{"x":[0.506],"y":[0]},"t":98,"s":[120.089]},{"t":159,"s":[92.089]}],"ix":4}},"a":{"a":0,"k":[0,0,0],"ix":1},"s":{"a":0,"k":[100,100,100],"ix":6}},"ao":0,"shapes":[{"ty":"gr","it":[{"ind":0,"ty":"sh","ix":1,"ks":{"a":1,"k":[{"i":{"x":0.28,"y":1},"o":{"x":0.333,"y":0},"t":2,"s":[{"i":[[7,-6.078],[-18.18,-0.409],[-8.25,-3.828],[26.456,0]],"o":[[10,-9.078],[33.303,0.75],[-8,-6.078],[-26.01,0]],"v":[[-49.5,31.689],[0.447,17.611],[49.5,31.689],[0,17.697]],"c":true}]},{"i":{"x":0.667,"y":1},"o":{"x":0.333,"y":0},"t":61,"s":[{"i":[[5.259,-15.469],[-18.184,0.054],[-13.613,-7.734],[26.456,0]],"o":[[14.231,-8.353],[18.016,-0.054],[-6.806,-16.087],[-26.01,0]],"v":[[-49.5,37.836],[0.473,27.464],[49.5,37.836],[0,11.625]],"c":true}]},{"i":{"x":0.667,"y":1},"o":{"x":0.643,"y":0},"t":98,"s":[{"i":[[5.259,-15.469],[-18.184,0.054],[-13.613,-7.734],[26.456,0]],"o":[[14.231,-8.353],[18.016,-0.054],[-6.806,-16.087],[-26.01,0]],"v":[[-49.5,37.836],[0.473,27.464],[49.5,37.836],[0,11.625]],"c":true}]},{"t":132,"s":[{"i":[[7,-6.078],[-18.18,-0.409],[-8.25,-3.828],[26.456,0]],"o":[[10,-9.078],[33.303,0.75],[-8,-6.078],[-26.01,0]],"v":[[-49.5,31.689],[0.447,17.611],[49.5,31.689],[0,17.697]],"c":true}]}],"ix":2},"nm":"Path 1","mn":"ADBE Vector Shape - Group","hd":false},{"ty":"fl","c":{"a":0,"k":[0,0,0,1],"ix":4},"o":{"a":0,"k":100,"ix":5},"r":1,"bm":0,"nm":"Fill 1","mn":"ADBE Vector Graphic - Fill","hd":false},{"ty":"st","c":{"a":0,"k":[0,0,0,1],"ix":3},"o":{"a":0,"k":100,"ix":4},"w":{"a":0,"k":30,"ix":5},"lc":2,"lj":2,"bm":0,"nm":"Stroke 1","mn":"ADBE Vector Graphic - Stroke","hd":false},{"ty":"tr","p":{"a":0,"k":[0,0],"ix":2},"a":{"a":0,"k":[0,0],"ix":1},"s":{"a":0,"k":[100,100],"ix":3},"r":{"a":0,"k":0,"ix":6},"o":{"a":0,"k":100,"ix":7},"sk":{"a":0,"k":0,"ix":4},"sa":{"a":0,"k":0,"ix":5},"nm":"Transform"}],"nm":"Ellipse 1","np":3,"cix":2,"bm":0,"ix":1,"mn":"ADBE Vector Group","hd":false}],"ip":0,"op":250,"st":13,"bm":0},{"ddd":0,"ind":11,"ty":4,"nm":"Eyebrow 2","parent":1,"sr":1,"ks":{"o":{"a":0,"k":100,"ix":11},"r":{"a":0,"k":0,"ix":10},"p":{"a":1,"k":[{"i":{"x":0.28,"y":1},"o":{"x":0.333,"y":0},"t":0,"s":[0,-36.256,0],"to":[0,-2.383,0],"ti":[0,2.383,0]},{"i":{"x":0.667,"y":1},"o":{"x":0.333,"y":0},"t":59,"s":[0,-50.556,0],"to":[0,-2.383,0],"ti":[0,-2.383,0]},{"i":{"x":0.337,"y":1},"o":{"x":0.506,"y":0},"t":96,"s":[0,-50.556,0],"to":[0,2.383,0],"ti":[0,-2.383,0]},{"t":157,"s":[0,-36.256,0]}],"ix":2},"a":{"a":0,"k":[0,0,0],"ix":1},"s":{"a":0,"k":[-100,100,100],"ix":6}},"ao":0,"shapes":[{"ty":"gr","it":[{"ind":0,"ty":"sh","ix":1,"ks":{"a":0,"k":{"i":[[62.121,-59.212],[0,0]],"o":[[-49.921,47.582],[0,0]],"v":[[-80.079,-169.026],[-201.064,-133.146]],"c":false},"ix":2},"nm":"Path 1","mn":"ADBE Vector Shape - Group","hd":false},{"ty":"st","c":{"a":0,"k":[0,0,0,1],"ix":3},"o":{"a":0,"k":100,"ix":4},"w":{"a":0,"k":30,"ix":5},"lc":2,"lj":2,"bm":0,"nm":"Stroke 1","mn":"ADBE Vector Graphic - Stroke","hd":false},{"ty":"tr","p":{"a":0,"k":[0,0],"ix":2},"a":{"a":0,"k":[0,0],"ix":1},"s":{"a":0,"k":[100,100],"ix":3},"r":{"a":0,"k":0,"ix":6},"o":{"a":0,"k":100,"ix":7},"sk":{"a":0,"k":0,"ix":4},"sa":{"a":0,"k":0,"ix":5},"nm":"Transform"}],"nm":"Shape 1","np":3,"cix":2,"bm":0,"ix":1,"mn":"ADBE Vector Group","hd":false}],"ip":0,"op":250,"st":0,"bm":0},{"ddd":0,"ind":12,"ty":4,"nm":"Eyebrow","parent":1,"sr":1,"ks":{"o":{"a":0,"k":100,"ix":11},"r":{"a":0,"k":0,"ix":10},"p":{"a":1,"k":[{"i":{"x":0.28,"y":1},"o":{"x":0.333,"y":0},"t":0,"s":[0,-36.256,0],"to":[0,-2.383,0],"ti":[0,2.383,0]},{"i":{"x":0.667,"y":1},"o":{"x":0.333,"y":0},"t":59,"s":[0,-50.556,0],"to":[0,-2.383,0],"ti":[0,-2.383,0]},{"i":{"x":0.337,"y":1},"o":{"x":0.506,"y":0},"t":96,"s":[0,-50.556,0],"to":[0,2.383,0],"ti":[0,-2.383,0]},{"t":157,"s":[0,-36.256,0]}],"ix":2},"a":{"a":0,"k":[0,0,0],"ix":1},"s":{"a":0,"k":[100,100,100],"ix":6}},"ao":0,"shapes":[{"ty":"gr","it":[{"ind":0,"ty":"sh","ix":1,"ks":{"a":0,"k":{"i":[[62.121,-59.212],[0,0]],"o":[[-49.921,47.582],[0,0]],"v":[[-80.079,-169.026],[-201.064,-133.146]],"c":false},"ix":2},"nm":"Path 1","mn":"ADBE Vector Shape - Group","hd":false},{"ty":"st","c":{"a":0,"k":[0,0,0,1],"ix":3},"o":{"a":0,"k":100,"ix":4},"w":{"a":0,"k":30,"ix":5},"lc":2,"lj":2,"bm":0,"nm":"Stroke 1","mn":"ADBE Vector Graphic - Stroke","hd":false},{"ty":"tr","p":{"a":0,"k":[0,0],"ix":2},"a":{"a":0,"k":[0,0],"ix":1},"s":{"a":0,"k":[100,100],"ix":3},"r":{"a":0,"k":0,"ix":6},"o":{"a":0,"k":100,"ix":7},"sk":{"a":0,"k":0,"ix":4},"sa":{"a":0,"k":0,"ix":5},"nm":"Transform"}],"nm":"Shape 1","np":3,"cix":2,"bm":0,"ix":1,"mn":"ADBE Vector Group","hd":false}],"ip":0,"op":250,"st":0,"bm":0},{"ddd":0,"ind":13,"ty":0,"nm":"HEAD_GLOBAL PRECOMP","refId":"comp_0","sr":1,"ks":{"o":{"a":0,"k":100,"ix":11},"r":{"a":0,"k":0,"ix":10},"p":{"a":0,"k":[540,540,0],"ix":2},"a":{"a":0,"k":[540,540,0],"ix":1},"s":{"a":0,"k":[100,100,100],"ix":6}},"ao":0,"w":1080,"h":1080,"ip":0,"op":250,"st":0,"bm":0}],"markers":[{"tm":174,"cm":"LOOP","dr":0}]}